review,sentiment
"Okay, so this series kind of takes the route of 'here we go again!' Week in, week out David Morse's character helps out his ride who is in a bit of a pickle - but what's wrong with that!? David Morse is one of the greatest character actors out there, and certainly the coolest, and to have him in a series created by David Koepp - a great writer - is heaven!!  Due to the lack of love for this show b",positive
"""Revolt of the Zombies"" proves that having the same director revamp and recycle an idea doesn't necessarily make lightning strike twice.  The Halperin brothers, responsible for the horror classic ""White Zombie"", made this trite piece of garbage a mere few years later to cash in on its popularity and even recycled close-ups of Lugosi's eyes from that previous film. There was a court battle with the",negative
"Kind of drawn in by the erotic scenes, only to realize this was one of the most amateurish and unbelievable bits of film I've ever seen. Sort of like a high school film project. What was Rosanna Arquette thinking?? And what was with all those stock characters in that bizarre supposed Midwest town? Pretty hard to get involved with this one. No lessons to be learned from it, no brilliant insights, j",negative
"One of Starewicz's longest and strangest short films follows a toy dog in search of an orange after becoming animated by the tear of the mother of a girl who longs for an orange. The dog comes upon an orange after falling out of the back of a car on his way to be sold, but at night must protect the orange when he comes enters a devilish nightclub featuring many bizarre and scary characters. With t",positive
"I caught this film on AZN on cable. It sounded like it would be a good film, a Japanese ""Green Card"". I can't say I've ever disliked an Asian film, quite the contrary. Some of the most incredible horror films of all time are Japanese and Korean, and I am a HUGE fan of John Woo's Hong Kong films. I an not adverse to a light hearted films, like Tampopo or Chung King Express (two of my favourites), s",negative
This movie was not very well directed. they almost totally disregarded the book.I guess they were trying 2 save time. the only upside 2 me was that the actor who played finny was cute. Some of the dialog between the main characters appeared a little gay which was not the case in the book. Major parts of the book were once again chopped out.You lost the over all effect it was not as haunting as the,negative
I sure would like to see a resurrection of a up dated Seahunt series with the tech they have today it would bring back the kid excitement in me.I grew up on black and white TV and Seahunt with Gunsmoke were my hero's every week.You have my vote for a comeback of a new sea hunt.We need a change of pace in TV and this would work for a world of under water adventure.Oh by the way thank you for an out,positive
"""Fate"" leads Walter Sparrow to come in possession of a mysterious novel that has eerie similarities and connections to his life, all based around the number 23. As the story unfolds in real life and fiction, Sparrow must figure out his connection to the book and how the story will eventually end.  The Number 23 offers an intriguing premise that is undone by a weak execution. The film just failed o",negative
"The Karen Carpenter Story shows a little more about singer Karen Carpenter's complex life. Though it fails in giving accurate facts, and details.  Cynthia Gibb (portrays Karen) was not a fine election. She is a good actress , but plays a very naive and sort of dumb Karen Carpenter. I think that the role needed a stronger character. Someone with a stronger personality.  Louise Fletcher role as Agne",positive
"Hollywood movie industry is the laziest one in the entire world. It only needs a single hit to flood theaters with the same old crap re-invented over and over again. Take superheroes for example, for each X-Man and Spiderman, there are Daredevil, Elektra, Ghost Rider and Hulk. Japanese horror remakes are even worst. It only took The Ring, which was pitch-perfect (mostly because of Mr. Gore Verbins",negative
"I just watched this movie on it's premier night out of curiosity and sheer nostalgia. I liked (not loved) ""Mork & Mindy"" as a kid, mostly for Robin William's zany energetic performance. This movie made me remember why. Was the original show great? Not really, but Robin certainly was. Which brings me to this movie.  I was pleasantly surprised, expecting nothing more than a paint by numbers chronolo",positive
"How this film could be classified as Drama, I have no idea. If I were John Voight and Mary Steenburgen, I would be trying to erase this from my CV. It was as historically accurate as Xena and Hercules. Abraham and Moses got melded into Noah. Lot, Abraham's nephew, Lot, turns up thousands of years before he would have been born. Canaanites wandered the earth...really? What were the scriptwriters th",negative
"After hearing about George Orwell's prophetic masterpiece for all of my life, I'm now 37, but never having read the book, I am totally confused as to what I've just seen.  I am very familiar with the concepts covered in the novel, as i'm sure most are, but only through hearsay and quotes. Without this limited knowledge this film would have been a complete mystery, and even with it I'm still no mor",negative
"I watched this series out of curiosity,wanting to see if they could possibly and with ALL this modern technology,out do Cecil B. DeMille's classic epic of 1956, starring Charleton Heston,Yul Brenner and Sir Cedric Hardwicke. Of course, I was let down. Yes, they had all the Biblical characters correct, but they didn't give us any of the spectacular theatrical scenes, that held your interest through",negative
"If you wish to see Shakespeare's masterpiece in its entirety, I suggest you find this BBC version. Indeed it is overlong at four and a half hours but Jacoby's performance as Hamlet and Patrick Stewart's as Claudius are well worth the effort.  It never ceases to amaze me how clear ""Hamlet"" is when you see it in its length and order as set down by the Bard. Every film version of ""Hamlet"" has tinkere",positive
This a fantastic movie of three prisoners who become famous. One of the actors is george clooney and I'm not a fan but this roll is not bad. Another good thing about the movie is the soundtrack (The man of constant sorrow). I recommand this movie to everybody. Greetings Bart,positive
"It tries to be the epic adventure of the century. And with a cast like Shô Kasugi, Christopher Lee and John-Rhys Davies it really is the perfect B-adventure of all time. It's actually is a pretty fun, swashbuckling adventure that, even with it's flaws, captures your interest. It must have felt as the biggest movie ever for the people who made it. Even if it's made in the 90s, it doesn't have a mod",positive
"I laughed all the way through this rotten movie. It's so unbelievable. A woman leaves her husband after many years of marriage, has a breakdown in front of a real estate office. What happens? The office manager comes outside and offers her a job!!! Hilarious! Next thing you know the two women are going at it. Yep, they're lesbians! Nothing rings true in this ""Lifetime for Women with nothing better",negative
"""Down Periscope"" has been in our library since it first arrived in VHS. Since then, we have acquired the DVD and a digital from Cinema Now.  It is a quirky flick that does not go militarily overboard as either pro or con. It is first and foremost a comedy and as a vehicle for the main characters, I am quite surprised that a sequel has never been offered.  The movie has gained a following that bord",positive
"In 1993, with the success of the first season of Batman: The Animated Series, Warner Brothers commissioned the team responsible for the hit-show with producing a feature-length movie, originally slated for Direct-To-Video, but bumped up to theatrical status. It would become known as Batman: Mask of the Phantasm. Ten years after Phantasm, we have had an additional three feature-films released from ",positive
"The buzz for this film has always been about the fabulous graphics that make Kevin Bacon disappear. Sadly, they stopped there. They should have continued to make the script disappear, then the silly set, and finally every visible element of this film. Because, there's nothing else there to show.  Gary Thompson and Andrew Marlowe are listed as the writing credits for this film. I don't really think",negative
"Oh God, I must have seen this when I was only 11 or twelve, (don't ask how) I may have been young, but I wasn't stupid. Anyone could see that this is a bad movie, nasty, gross, unscary and very silly. I've seen more impressive effects at Disneyland, I've seen better performances at a school play, And I've seen more convincing crocodiles at the zoo, where they do nothing but sit in the water, ignor",negative
"Marion Davies stars in this remarkable comedy ""Show People"" released by MGM in 1928. Davies plays a hick from Savannah, Georgia, who arrives in Hollywood with her father (Dell Henderson). The jalopy they arrive in is a hoot - as is Davies outrageous southern costume. Davies lands a job in slapstick comedy, not what she wants, but it brings her success. She meets fellow slapstick star William Haine",positive
"It is easy to tell early in this movie exactly what will happen, and who will die. It is about 4 women and a man who on a vacation. This was made during the end of the ultra Nazi seventies, when blonde women were supposedly ultra American survivors and brunettes were all deserving of death.  This movie, like the others of that era, contrives to bring this about, and the viewer knows this. There is",negative
"I find it very intriguing that Lee Radziwill, Jackie Kennedy's sister and the cousin of these women, would encourage the Maysles' to make ""Big Edie"" and ""Little Edie"" the subject of a film. They certainly could be considered the ""skeletons"" in the family closet. The extra features on the DVD include several contemporary fashion designers crediting some of their ideas to these oddball women. I'd sa",positive
"I had heard good things about ""States of Grace"" and came in with an open mind. I thought that ""God's Army"" was okay, and I thought that maybe Dutcher had improved and matured as a filmmaker. The film began with some shaky acting, and I thought, ""well, maybe it will get better."" Unfortunately, it never did. The picture starts out by introducing two elders -- Mormon missionaries -- and it seems that",negative
"Ye Lou's film Purple Butterfly pits a secret organization (Purple Butterfly) against the Japanese forces in war torn Shanghai. Ding Hui (Zhang Ziyi) and her ex-lover Hidehiko Itami (Toru Nakamura) find themselves on opposite sides of the conflict after a chance meeting.  I agree with the reviewer from Paris. The film substitutes a convoluted, semi-historical conflict for a plot, without giving the",negative
"Robert Altman's downbeat, new-fangled western from Edmund Naughton's book ""McCabe"" was overlooked at the time of its release but in the past years has garnered a sterling critical following. Aside from a completely convincing boom-town scenario, the characters here don't merit much interest, and the picture looks (intentionally) brackish and unappealing. Bearded Warren Beatty plays a turn-of-the-c",negative
"Of all the films I have seen, this one, The Rage, has got to be one of the worst yet. The direction, LOGIC, continuity, changes in plot-script and dialog made me cry out in pain. ""How could ANYONE come up with something so crappy""? Gary Busey is know for his ""B"" movies, but this is a sure ""W"" movie. (W=waste).  Take for example: about two dozen FBI & local law officers surround a trailer house wit",negative
"No, this hilariously horrible 70's made-for-TV horror clinker isn't about a deadly demonically possessed dessert cake. Still, this exceptionally awful, yet undeniably amusing and thus enjoyable cathode ray refuse reaches a breathtaking apex of absolute, unremitting silliness and atrociousness that's quite tasty in a so-execrable-it's-downright-awesome sort of way. Richard Crenna, looking haggard a",positive
"""Ardh Satya"" is one of the finest film ever made in Indian Cinema. Directed by the great director Govind Nihalani, this one is the most successful Hard Hitting Parallel Cinema which also turned out to be a Commercial Success. Even today, Ardh Satya is an inspiration for all leading directors of India.  The film tells the Real-life Scenario of Mumbai Police of the 70s. Unlike any Police of other ci",positive
"This tale based on two Edgar Allen Poe pieces (""The Fall of the House of Usher"", ""Dance of Death"" (poem) ) is actually quite creepy from beginning to end. It is similar to some of the old black-and-white movies about people that meet in an old decrepit house (for example, ""The Cat and the Canary"", ""The Old Dark House"", ""Night of Terror"" and so on). Boris Karloff plays a demented inventor of life-s",positive
Oh noes one of these attack of the Japanese ghost girl movies... i don't even remember how many i've seen. maybe it sells... but not to me. not scary at all. the japanese horror movies are have been very similar since the first one of these... also the pulling of the kid. i have seen that pulled under scene so many times in so many horror movies. cellphone scene is also nothing new... the dramatic,negative
"First of all, let's get a few things straight here: a) I AM an anime fan- always has been as a matter of fact (I used to watch Speed Racer all the time in Preschool). b) I DO like several B-Movies because they're hilarious. c) I like the Godzilla movies- a lot.  Moving on, when the movie first comes on, it seems like it's going to be your usual B-movie, down to the crappy FX, but all a sudden- BOO",negative
Preston Sturgis' THE POWER AND THE GLORY was unseen by the public for nearly twenty or thirty years until the late 1990s when it resurfaced and even showed up on television. In the meantime it had gained in notoriety because Pauline Kael's THE CITIZEN KANE BOOK had suggested that the Herman Mankiewicz - Orson Welles screenplay for KANE was based on Sturgis' screenplay here. As is mentioned in the ,positive
"The story is very trustworthy and powerful. The technical side of the movie is quite fine.. even the directing of it. The main problem is with the castings, that turned that movie into almost another local and regular cliché with a great lack of impact and even greater lack of impression. Beside the small role of the father, Rafael (played impressively by Asi Dayan), all other actors were unfortun",negative
"The Hills Have Eyes II is what you would expect it to be and nothing more. Of course it's not going to be an Oscar nominated film, it's just pure entertainment which you can just lose yourself in for 90 minutes.  The plot is basically about a group of National Guard trainees who find themselves battling against the notorious mutated hillbillies on their last day of training in the desert. It's jus",negative
"Probably my all-time favorite movie, a story of selflessness, sacrifice and dedication to a noble cause, but it's not preachy or boring. It just never gets old, despite my having seen it some 15 or more times in the last 25 years. Paul Lukas' performance brings tears to my eyes, and Bette Davis, in one of her very few truly sympathetic roles, is a delight. The kids are, as grandma says, more like ",positive
"I had before a feeling of mislike for all Russian films. But, after seeing this film I haven´t. This is a unique masterpiece made by the best director ever lived in the USSR. He knows the art of film making, and can use it very well. If you find this movie: buy or copy it!",positive
"The cast played Shakespeare.  Shakespeare lost.  I appreciate that this is trying to bring Shakespeare to the masses, but why ruin something so good.  Is it because 'The Scottish Play' is my favorite Shakespeare? I do not know. What I do know is that a certain Rev Bowdler (hence bowdlerization) tried to do something similar in the Victorian era.  In other words, you cannot improve perfection.  I h",negative
An unmarried woman named Stella (Bette Midler) gets pregnant by a wealthy man (Stephen Collins). He offers to marry her out of a sense of obligation but she turns him down flat and decides to raise the kid on her own. Things go OK until the child named Jenny (Trini Alvarado) becomes a teenager and things gradually (and predictably) become worse.  I've seen both the silent version and sound version,negative
"A young girl becomes a war-time marine's pen-pal, and when he visits at war's end expecting someone a bit more ""available,"" comic complications ensue. All ultimately works out well, naturally, but not before everyone involved has thoroughly chewed the scenery. Errol Flynn's dead-on impression of Humphrey Bogart from ""Casablanca"" is a highlight, as are various send-ups of his own swashbuckling imag",positive
"I cannot believe I enjoyed this as much as I did. The anthology stories were better than par, but the linking story and its surprise ending hooked me. Alot of familiar faces will keep you asking yourself ""where I have I seen them before?"" Forget the running time listed on New Line's tape, this ain't no 103 minutes, according to my VCR timer and IMDB. Space Maggot douses the campfire in his own spe",positive
"This film tried to be too many things all at once: stinging political satire, Hollywood blockbuster, sappy romantic comedy, family values promo... the list goes on and on. It failed miserably at all of them, but there was enough interest to keep me from turning it off until the end.  Although I appreciate the spirit behind WAR, INC., it depresses me to see such a clumsy effort, especially when it ",negative
"Ah yes the 1980s , a time of Reaganomics and Sly , Chuck and a host of other action stars hiding in a remote jungle blowing away commies . At the time I couldn`t believe how movies like RAMBO , MISSING IN ACTION and UNCOMMON VALOR ( And who can forget the ridiculous RED DAWN ? ) made money at the box office , they`re turgid action crap fests with a rather off putting right wing agenda and they hav",negative
"I remember seeing this film in the theater in 1984 when I was 6 years-old (you do the math). I absolutely loved it. I was Tarzan for the 2 weeks after seeing it (climbing the furniture, jumping around making monkey sounds). It started a fascination with Tarzan and monkeys, but oddly enough a longer lasting love for Christopher Lambert (keep in mind that I saw Highlander very shortly after this). 1",positive
"Some films just simply should not be remade. This is one of them. In and of itself it is not a bad film. But it fails to capture the flavor and the terror of the 1963 film of the same title. Liam Neeson was excellent as he always is, and most of the cast holds up, with the exception of Owen Wilson, who just did not bring the right feel to the character of Luke. But the major fault with this versio",positive
"This movie took me by surprise. The opening credit sequence features nicely done animation. After that, we're plunged into a semi-cheesy production, betraying its low budget. The characters, typical American teens, are introduced slowly, with more personal detail than is usually found in movies like this. By the time the shlitz hits the fan, we know each one of the characters, and either like or h",positive
"The plot is about the death of little children. Hopper is the one who has to investigate the killings. During the movie it appears that he has some troubles with his daughter. In the end the serial killer get caught. That's it. But before you find out who dunnit, you have to see some terrible acting by all of the actors. It is unbelievable how bad these actors are, including Hopper. I could go on ",negative
"The few scenes that actually attempt a depiction of revolutionary struggle resemble a hirsute Boy Scout troop meandering tentatively between swimming holes. When Sharif or, please God, Palance try their hand at fiery oratory, they sound like Kurtz swallowing a bug. The displays of strategic brilliance incorporate a map of Cuba replete with smiling fishies in the ocean, and a positively Vaudevillia",negative
"Even though I'm quite young, The Beatles are my ABSOLUTELY FAVOURITE band! I never had the chance to hear their music as it was releases but have loved them since I can remember.  It's the sort of film that is worth trying the once. I can see why it wasn't released in the cinema but it is certainly a great film to put on the TV. I was flicking through my TV guide and happened to see this film, it ",positive
Protocol is an implausible movie whose only saving grace is that it stars Goldie Hawn along with a good cast of supporting actors. The story revolves around a ditzy cocktail waitress who becomes famous after inadvertently saving the life of an Arab dignitary. The story goes downhill halfway through the movie and Goldie's charm just doesn't save this movie. Unless you are a Goldie Hawn fan don't go,negative
"This movie is a perfect adaptation of the English Flick Unfaithful. Ashmit plays the role of Richard Gere, Emran that of Olivier and Malikka the perfect cheating wife role of Lane.They have changed the second half of the film to adapt for the Indian masses.   Even then the movie has got the full traces of Unfaithful, though it couldn't catch up with the original. It was a cheap soft porn of the Bo",negative
"We usually think of the British as the experts at rendering great adventure from the Imperial age, with the likes of The Four Feathers (1939) and Zulu, simply because the Imperial age was, for the most part, British. Here, in The Wind and the Lion, we see a wonderful rendering of America's own Imperial age.  America's projection of power under Teddy Roosevelt is the backdrop for this conventional ",positive
"This is a typical Steele novel production in that two people who have undergone some sort of tragedy manage to get together despite the odds. I wouldn't call this a spoiler because anyone who has read a Steele novel knows how they ALL end. If you don't want to know much about the plot, don't keep reading.  Gilbert's character, Ophelia, is a woman of French decent who has lost her husband and son i",negative
"***SPOILERS*** All too, in real life as well as in the movies, familiar story that happens to many young men who are put in a war zone with a gun, or rifle, in their hands. The case of young and innocent, in never handling or firing a gun, Jimmy Davis, Franchot Tone, has been repeated thousands of times over the centuries when men, like Jimmy Davis, are forced to take up arms for their country.  J",positive
"DON'T TORTURE A DUCKLING is one of Fulci's earlier (and honestly, in terms of story-line, better...) films - and although not the typical ""bloodbath"" that Fulci is known for - this is still a very unique and enjoyable film.  The story surrounds a small town where a series of child murders are occurring. Some of the colorful characters involved in the investigations - either as suspects, or those """,positive
"While Star Trek the Motion Picture was mostly boring, Star Trek The Final Frontier is plain bad. In this terrible sequel, the crew is on shore leave when they get a distress signal from the Federation that ambassadors representing Earth, Romulus and Kronos (the Klingon home world) have been kidnapped by a renegade Vulcan bent on his quest to attain a starship to venture into the great barrier. The",negative
"Daniel Day-Lewis is the most versatile actor alive. English aristocratic snob in A Room With a View, passionate Irish thief in In the Name of the Father, an impudent, violent butcher in Gangs of New York (in a performance ten times stronger than Adrian Brody's in the Pianist) and as the outrageous Cristy Brown with cerebral palsy in My Left Foot (just to name a few). His roles all influence eachot",positive
"This movie was one of the best movies that I have seen this year. I didn't see any cameos in the movie, but it is still pretty good. It is similar to Anchorman in the humor department, but I think this is a better put together movie. It actually has a point. If you are going to see a whole bunch of T&A you will be disappointed. Just a well put together movie!!!! If you have nothing to do for the d",positive
"What happened? What we have here is basically a solid and plausible premise and with a decent and talented cast, but somewhere the movie loses it. Actually, it never really got going. There was a little excitement when we find out that Angie is not really pregnant, then find out that she is after all, but that was it. Steve Martin, who is a very talented person and usually brings a lot to a movie,",negative
"Howard (Kevin Kline) teaches English at the high school in a small Indiana city. He is finally getting married to Emily (Joan Cusack), much to his parents delight. The town is abuzz, too, because one of its own, Cameron (Matt Dillon) has been nominated for an acting Oscar. Everyone, including Howard and Emily, is watching the Academy Awards on television as Cameron is declared the winner! In his a",positive
"I just got back from this free screening, and this ""Osama Witch Project"" is the hands-down worst film I've seen this year, worse than even ""Catwoman"" - which had the decency to at least pass itself off as fiction.  In ""September Tapes,"" a ""film crew"" of ""documentary journalists"" heads to Afghanistan - despite being thoroughly unprepared for the trip, the conditions and, oh yeah, the psychotic and ",negative
"This movie is based on the book, ""A Many Splendored Thing"" by Han Suyin and tackles issues of race relations between Asians and Whites, a topic that comes from Han's personal experiences as an Eurasian growing up in China. That background, and the beautiful Hong Kong settings, gives this love story a unique and rather daring atmosphere for its time.  Other than that, the story is a stereotypical r",positive
"If you came here, it's because you've already seen this film and were curious what others had to say about it.  I feel for you, I *really* do. And I profusely apologize as a Canadian (because that's what we do) that this film ever had to cross your eyes, if only for a moment. I hear there is no cure for the retinal bleeding reported out of every dozen cases.  I, like everyone else, rented this mov",negative
"This movie is without a doubt a perfect 10/10.. for all you people out there who are rating this film low grades because it has no ""good plot"" or anything like that, thats ridiculous, saying that a Jackie Chan movie is bad because of its plot is like saying a porn movie is bad because it has no plot! you watch Jackie Chan FOR THE FIGHT SCENES, for the action its not so much concentrated on a good ",positive
"Ingrid Bergman, playing dentist Walter Matthau's faithful receptionist who harbors a little crush on her boss, is absolutely wonderful in this film. She handles the witty repartee in the script with aplomb and steals a terrific scene where she and Goldie Hawn talk in a record booth (Ingrid's monologue is a front, but her face tells you she believes in it with all her heart). Matthau is an odd choi",positive
It's terrific when a funny movie doesn't make smile you. What a pity!! This film is very boring and so long. It's simply painfull. The story is staggering without goal and no fun.  You feel better when it's finished.,negative
"this is one of the finest movies i have ever seen....the stark scenery...the isolation...the ignorant bigoted people hiding behind their religion...a backdrop for some wordliness and sophistication...the acting is completely natural...but for me as a""foodie' the best is the actual choosing and preparation of the feast..i have spent time in paris and know the cuisine well...whether or not the cafe ",positive
"A brilliant horror film. Utterly gruesome and very scary too. The Thing is a remake from John Carpenter, but please, do not let that put you off this film. It is simply brilliant. The start of the film has the alien's spacecraft hurtling towards the Earth centuries before mankind walked the planet with an explosion that unleashes the film's title in amazing shining white and blue stating 'THE THIN",positive
"Caddyshack Two is a good movie by itself but compared to the original it cant stack up. Robert Stack is a horrible replacement for Ted Knight and Jackie Mason, while funny just cant compete with Rodney Dangerfield. Ty Webb is funny, being the only character from the original. Most of the other characters in the movie lack the punch of the original (Henry Wilcoxon for example) except for the hyster",negative
"This film is well cast, often silly and always funny. Lemmon and Matthau work their tag team magic to perfection. Brent Spiner is just a riot as the egotistical tyrant of a cruise director. From the first ""hare krishna"" to the last ""you ought pay him fifty bucks for calling you two studs"", I thought this was a totally entertaining fun comedy",positive
"I'm not sure why the producers needed to trade on the name of a somewhat successful movie franchise because the title suggests that it is a sequel to the first three movies..which it is not. Even though Marques Houston did appear in ""HP3"", he played a totally different character (he was, eight years older) in this film. Okay...so Reid and Martin weren't the most talented and couldn't carry a film ",negative
"This show was an amazing, fresh & innovative idea in the 70's when it first aired. The first 7 or 8 years were brilliant, but things dropped off after that. By 1990, the show was not really funny anymore, and it's continued its decline further to the complete waste of time it is today.  It's truly disgraceful how far this show has fallen. The writing is painfully bad, the performances are almost a",negative
"The story is about a psychic woman, Tory, who returns to her hometown and begins reliving her traumatic childhood past (the death of her childhood friend and abusive father). Tory discovers that her friend was just the first in a string of murders that are still occurring. Can her psychic powers help solve the crimes and stop the continuing murders?   You really don't need to find out because, Oh ",negative
"I just started watching The Show around July. I found it by mistake, I was channel surfing during a Vacation. It is a great show, I just wish it wasn't on so late at night. It's on at 12:30 AM. As a working person it makes it hard to watch all the time.  I read some comments. I did not agree with the late one about not growing up in the 60's and not believing that this stuff can happen.  I grew up",positive
"An awful film! It must have been up against some real stinkers to be nominated for the Golden Globe. They've taken the story of the first famous female Renaissance painter and mangled it beyond recognition. My complaint is not that they've taken liberties with the facts; if the story were good, that would perfectly fine. But it's simply bizarre -- by all accounts the true story of this artist woul",negative
"'War movie' is a Hollywood genre that has been done and redone so many times that clichéd dialogue, rehashed plot and over-the-top action sequences seem unavoidable for any conflict dealing with large-scale combat. Once in a while, however, a war movie comes along that goes against the grain and brings a truly original and compelling story to life on the silver screen. The Civil War-era ""Cold Moun",positive
"NO SPOILERS!!  After Hitchcock's successful first American film, Rebecca based upon Daphne DuMarier's lush novel of gothic romance and intrigue, he returned to some of the more familiar themes of his early British period - mistaken identity and espionage. As the U.S. settled into World War II and the large scale 'war effort' of civilians building planes, weaponry and other necessary militia, the b",positive
"Upon viewing Tobe Hooper's gem, Crocodile, in 2000, I developed a great interest in the college/crocodile niche of the exploitation/monster genre. I look forward to a wayward producer to follow up with several sequels to these delightful bonbons of camp goodness. If only Ed Wood could bring his subtle sense of flair and dignity to these remarkable scripts. With Ed writing the scripts, and a room f",negative
"In the standard view, this is a purely awful movie. However, it rates a near perfect score on the unintentional comedy scale. I can think of few actual comedies that make me laugh as hard as I did watching this movie. Andy Griffith's ghost dressed in Native American garb dancing sends me into hysterics everytime. I wouldn't waste the gas or energy driving to the video store to rent it, but if you ",negative
"The performance of every actor and actress (in the film) are excellently NATURAL which is what movie acting should be; and the directing skill is so brilliantly handled on every details that I am never tired of seeing it over and over again. However, I am rather surprised to see that this film is not included in some of the actors' and director, Attenborough's credits that puzzles me: aren't they ",positive
"This film laboured along with some of the most predictable story lines and shallow characters ever seen. The writer obviously bought the playbook ""How to write a space disaster movie"" and followed it play by play. In particular, the stereo-typical use of astronauts talking to their loved ones from outer space - putting on a brave show in the face of disaster - has been done time and time again.  M",negative
"The premise of this movie was decent enough, but with sub par acting, it was just bland and dull.  SPOILERS The film does not work because of the nature of the death, it was accidental, so although it was a murder it wasn't like the guy set out to do it. Also through some flashbacks there is a secret that is revealed that sort of makes the events like justice to a degree. There is no emotion in th",negative
"This movie made it into one of my top 10 most awful movies. Horrible.   There wasn't a continuous minute where there wasn't a fight with one monster or another. There was no chance for any character development, they were too busy running from one sword fight to another. I had no emotional attachment (except to the big bad machine that wanted to destroy them)   Scenes were blatantly stolen from ot",negative
"This cute animated short features two comic icons - Betty Boop and Henry.  Henry is the bald, slightly portly boy from the comics who never speaks.  Well here he does speak!  He wants to get a puppy from Betty Boop's pet store, and when he is left to mind the store - some hilarious hijinks ensue.  Betty sings a song about pets, Henry gets in a battle with birds and a monkey, but everything works o",positive
"I thought this was a wonderful way to spend time on a too hot summer weekend, sitting in the air conditioned theater and watching a light-hearted comedy. The plot is simplistic, but the dialogue is witty and the characters are likable (even the well bread suspected serial killer). While some may be disappointed when they realize this is not Match Point 2: Risk Addiction, I thought it was proof tha",positive
Luckily for Bill Murray this is such a light-weight project since he pretty much has to carry it. Meatballs is the story of low-rent Camp Northstar and how its counselors deal with the campers as well as one another. Then there is much made of their wealthy rivals from across the lake named Camp Mohawk which culminates in a two-day Olympiad competition. Above it all is Bill Murray clowning around ,positive
I really like Salman Kahn so I was really disappointed when I seen this movie. It didn't have much of a plot and what they did have was not that appealing. Salman however did look good in the movie looked young and refreshed but was worth the price of this DVD. The music was not bad it was quite nice. Usually Indian movies are at least two to three hours long but this was a very short movie for an,negative
"I can't emphasize it enough, do *NOT* get this movie for the kids.  For that matter, you'd best spare the adults from it as well.  All right, perhaps I'm overexaggerating a little. This isn't the worst kids' movie... no, let me rephrase that. This isn't the worst movie made by dissilusioned adults FOR dissilusioned adults and somehow marketed towards kids (that would be ""Jack"", which I've been mea",negative
"I bought this game on an impulse buy from walmart. I am glad I did. It was very entertaining listening to Sean Connery and playing the game. I thought the graphics were the best I have ever seen in a movie/game remake. The bonus levels were very hard! The sniper one I think was too hard, it made me so frustrated I didn't play the game for a week and a half. There were too many people shooting at y",positive
"After the success of Die Hard and it's sequels it's no surprise really that in the 1990s, a glut of 'Die Hard on a .....' movies cashed in on the wrong guy, wrong place, wrong time concept. That is what they did with Cliffhanger, Die Hard on a mountain just in time to rescue Sly 'Stop or My Mom Will Shoot' Stallone's career.  Cliffhanger is one big nit-pickers dream, especially to those who are ex",positive
"This is just one more of those hideous films that you find on Lifetime TV which portray the abhorrent behavior of some disgusting woman in an empathetic manner. Along with other such nasty films as ""The Burning Bed,"" ""Enough,"" or ""Monster,"" this film takes a disgusting criminal and attempts to show the viewer why she's not such a bad person after all. Give us a break! Here's my question to the fil",negative
The Elegant Documentary -  Don't watch this movie ... if you're an egotistical know-all student of physics. This much less than one percent (miniscule fraction) of the population may find that this show just tells them what they have already learned and already know.  Do watch this movie! - If you're one of the massive majority of people that fall into the greater than 99% of the population that d,positive
"The Lives of the Saints starts off with an atmospheric vision of London as a bustling city of busy, quaint streets and sunshine. I was hoping it would maintain this atmosphere, but it gets bogged down in a story that goes pretty much nowhere.  Othello works for big, fat Mr. Karva, his crime-boss step-dad (at least I think that is what he is supposed to be because it's never really defined, but he ",negative
"Before I begin, let me get something off my chest: I'm a huge fan of John Eyres' first film PROJECT: SHADOWCHASER. The film, a B-grade cross of both THE TERMINATOR & DIE HARD, may not be the work of a cinematic genius, but is a hugely entertaining action film that became a cult hit (& spawned two sequels & a spin off).  Judge and Jury begins with Joseph Meeker, a convicted killer who was sent to D",negative
"This film could have been a decent re-make, and gosh knows it tried (or Ms. English tried). Assembling talented actors together with a successful & experienced writer/director should be a formula for a decent film. But Ms. English's experience - according to her IMDb bio - is exclusively limited to television work, and it is glaringly obvious throughout this film.  I am surprised that none of the ",negative
"Average (and surprisingly tame) Fulci giallo which means it's still quite bad by normal standards, but redeemed by its solid build-up and some nice touches such as a neat time twist on the issues of visions and clairvoyance.  The genre's well-known weaknesses are in full gear: banal dialogue, wooden acting, illogical plot points. And the finale goes on much too long, while the denouement proves to",negative
"I saw this at the London Film Festival last night, apparently the shorter version. James McNally's summary of the content of the film is very good. Nossiter very deftly blends his investigation of the wine business into wider concerns about globalisation, homogenisation, the effect of the mass media, the power of capital and the need for diversity.  The film is shot on hand-held DV which some migh",positive
This was the worst movie I saw at WorldFest and it also received the least amount of applause afterwards! I can only think it is receiving such recognition based on the amount of known actors in the film. It's great to see J.Beals but she's only in the movie for a few minutes. M.Parker is a much better actress than the part allowed for. The rest of the acting is hard to judge because the movie is ,negative
"Okay, last night, August 18th, 2004, I had the distinct displeasure of meeting Mr. Van Bebble at a showing of the film The Manson Family at the Three Penny in Chicago as part of the Chicago Underground Film Festival. Here's what I have to say about it. First of all, the film is an obvious rip off of every Kenneth Anger, Roman Polanski, Oliver Stone and Terry Gilliam movie I've ever seen. Second of",negative
"I can't believe it that was the worst movie i have ever seen in my life. i laughed a couple of times. ( probably because of how stupid it was ) If someone paid me to see that movie again i wouldn't. the plot was so horrible , it made no sense , and the acting was so bad that i couldn't even tell if they were trying. that movie was terrible rating: F",negative
"The Assignment is an outstanding thriller with several plot twists driven by character, rather than star turns, the need to stage special effects, obligatory romance, and endless car chases. However, there is a car chase in here, and a dandy it is. Aidan Quinn is wonderful as both the terrorist and the naval officer ""recruited"" to eliminate him. It is rare that a second or third tier actor, such a",positive
"One of the other reviewers has mentioned that after watching just 1 Oz episode you'll be hooked. They are right, as this is exactly what happened with me.  The first thing that struck me about Oz was its brutality and unflinching scenes of violence, which set in right from the word GO. Trust me, this is not a show for the faint hearted or timid. This show pulls no punches with regards to drugs, se",positive
"This movie really woke me up, like it wakes up the main male character of this bravely different movie from his life slumber.  This guy John (Ben Chaplin) leads his mediocre safe life of a bank teller in a small provincial English town, until the stunningly gorgeous, wild, girl-to-die-for Nadia (Nicole Kidman), ordered by email from Russia, enters his life to become his beloved wife, by Johns plan",positive
"I had the terrible misfortune of having to view this ""b-movie"" in it's entirety.  All I have to say is--- save your time and money!!! This has got to be the worst b-movie of all time, it shouldn't even be called a b-movie, more like an f-movie! Because it fails in all aspects that make a good movie: the story is not interesting at all, all of the actors are paper-thin and not at all believable, it",negative
"I think this movie has got it all. It has really cool music that I can never get out of my head. It has cool looking characters. IS REALLY funny(you know, the kind that you'll crack up on the ground and you'll keep saying the funny parts over every day for three weeks).Despite the bad acting, bad cgi, and bad story(about cops going after a robot), its really cool. Its one of those movies you and a",positive
"A family is traveling through the mid West. There's widower Ben (Charles Bateman), his girlfriend Nicky (Ahna Capri) and Ben's little daughter K.T. (Geri Reischl). Then hit a town named Hillsboro where everyone acts more than a little strangely. Their car breaks down and they're forced to stay. They soon find out a witches coven has a spell over the town and is up to incredible evil.  The story is",positive
"""A bored television director is introduced to the black arts and astral projection by his girlfriend. Learning the ability to separate his spirit from his body, the man finds a renewed interest in his life and a sense of wellbeing. Unfortunately, the man discovers while he is sleeping, his spirit leaves his body and his uncontrolled body roams the streets in a murderous rampage,"" according to the ",negative
"I have been a Mario fan for as long as I can remember, I have very fond memories of playing Super Mario World as a kid, this game has brought back many of those memories while adding something new. Super Mario Galaxy is the latest installment in the amazing Mario franchise. There is much very different about this game from any other Mario before it, while still keeping intact the greatest elements",positive
"This movie was not so much promoted here in Greece,even though it got good actors , great script and rather good photograph was not a so called ""blockbuster"" movie in my Country. The movie itself is very powerful,it's about the hard time that a newcomer had to go through when he returns in his home-village after been released from a 5yo prison time(drugs) The end is rather sad.... Mourikis is tryi",positive
"So well made, no CGI crap. Has anyone else been on the ""Jumping Crocs"" tour of Darwin's Adelaide River before? Black Water was WAY realistic; Rogue was a bit cringeworthy.  Thought the blonde chick was excellent in it - haven't really seen her before. And the other chick is a babe, she is always excellent.   V. suspenseful - I would compare it to Jaws over any other man eating animal flick.   Got ",positive
"This is the best version (so far) that you will see and the most true to the Bronte work. Dalton is a little tough to imagine as Rochester who Jane Eyre declared ""not handsome"". But his acting overcomes this and Zelah Clark, pretty as she is, is also a complete and believable Jane Eyre. This production is a lengthy watch but well worth it. Nearly direct quotes from the book are in the script and i",positive
"Any film about WWII made during WWII by a British production company has no latter-day peer in my opinion, respectfully. The confluence of so many things near and dear to my heart are in At Dawn We Dive: as a descendant of Admiral Horatio Nelson and student of all aspects of World War Two and particularly naval warfare, I favor depictions of subs and action in the North Atlantic and especially tho",positive
"""The Cell"" is an exotic masterpiece, a dizzying trip into not only the vast mind of a serial killer, but also into one of a very talented director. This is conclusive evidence of what can be achieved if human beings unleash their uninhibited imaginations. This is boldness at work, pushing aside thoughts to fall into formulas and cliches and creating something truly magnificent. This is the best mo",positive
"Apparently, the people that wrote the back of the box did not bother to watch this so-called ""movie."" They described ""blindingly choreographed intrigue and violence."" I saw no ""intrigue."" I instead saw a miserable attempt at dialogue in a supposed kung fu movie. I saw no ""violence."" At least, I saw nothing which could cause me to suspend my disbelief as to what could possibly hurt a man with ""impe",negative
"Return to the 36th Chamber is one of those classic Kung-Fu movies which Shaw produces back in the 70s and 80s, whose genre is equivalent to the spaghetti westerns of Hollywood, and the protagonist Gordon Liu, the counterpart to the western's Clint Eastwood. Digitally remastered and a new print made for the Fantastic Film Fest, this is ""Presented in Shaw Scope"", just like the good old days.  This f",positive
"I don't think I've ever gave something a 1/10 rating, but this one easily gets the denomination. I find it hard just to sit through one of his jokes. It's not just that the jokes are so bad, but combine that with the fact that Carson Daily has zero charisma, can't set up or finish a punchline, and you've got a late night comedy recipe that will really turn your stomach.  I have watched the show, n",negative
"Busty beauty Stacie Randall plays PVC clad, bad-ass bitch Alexandra, the faithful acolyte of Faust, an evil entity trapped in hell. Determined to free her master, the malevolent minx breaks into a warehouse to steal a magical gem vital to her success; but whilst conducting a satanic ritual to summon Faust, the silly mare accidentally enters the pentagram she has drawn on the floor, which results i",negative
"This movie struck home for me. Being 29, I remember the '80's and my father working in a factory. I figured, if I worked hard too, if I had pride and never gave up I too could have the American Dream, the house, a few kids, a car all to call my own. I've noted however, without a degree in something (unlike my father that quit at ninth grade) and a keen sense of greed and laziness, you can't get an",positive
"Taut and organically gripping, Edward Dmytryk's Crossfire is a distinctive suspense thriller, an unlikely ""message"" movie using the look and devices of the noir cycle.  Bivouacked in Washington, DC, a company of soldiers cope with their restlessness by hanging out in bars. Three of them end up at a stranger's apartment where Robert Ryan, drunk and belligerent, beats their host (Sam Levene) to deat",positive
"I haven't read the Anne Rice novel that this movie was based on, but who knows, maybe reading the book is cheaper than renting QUEEN OF THE DAMNED and is probably better for your health. It isn't that this movie is necessarily bad for your health, but a book can be very relaxing and certainly exercises the active part of your brain more so than this movie. You can count the number of pages by Anne",positive
"I saw this movie when I was about 12 when it came out. I recall the scariest scene was the big bird eating men dangling helplessly from parachutes right out of the air. The horror. The horror.  As a young kid going to these cheesy B films on Saturday afternoons, I still was tired of the formula for these monster type movies that usually included the hero, a beautiful woman who might be the daughte",negative
"Set in the 1794, the second year of the French republic formed after the execution of Louis XVI, this film portrays the power struggle between the revolutionary leaders Danton (Gerard Depardieu, at his finest) and Robespierre (a commanding performance by the Polish actor Wojciech Pszoniak). The moderate revolutionary Danton has returned to Paris from his country seat where he has been since being ",positive
"Basically there's a family where a little boy (Jake) thinks there's a zombie in his closet & his parents are fighting all the time.  This movie is slower than a soap opera... and suddenly, Jake decides to become Rambo and kill the zombie.  OK, first of all when you're going to make a film you must Decide if its a thriller or a drama! As a drama the movie is watchable. Parents are divorcing & argui",negative
"An unforgettable masterpiece from the creator of The Secret of Nimh and The Land Before Time, this was a very touching bittersweet cartoon. I remember this very well from my childhood, it was funny and sad and very beautiful. Well it starts out a bit dark, a dog who escaped the pound, and gets killed by an old friend, ends up in Heaven, and comes back. But it becomes sweet when he befriends an orp",positive
"Petter Mattei's ""Love in the Time of Money"" is a visually stunning film to watch. Mr. Mattei offers us a vivid portrait about human relations. This is a movie that seems to be telling us what money, power and success do to people in the different situations we encounter.   This being a variation on the Arthur Schnitzler's play about the same theme, the director transfers the action to the present ",positive
"I watched this film not really expecting much, I got it in a pack of 5 films, all of which were pretty terrible in their own way for under a fiver so what could I expect? and you know what I was right, they were all terrible, this movie has a few (and a few is stretching it) interesting points, the occasional camcorder view is a nice touch, the drummer is very like a drummer, i.e damned annoying a",negative
"Usually I'm a bit of a fan of the bad eighties & early nineties film featuring now has beens...but this film is so incredibly terrible that it was a real endurance test to sit through. Guys dressing up as girls has been done to death - but never so pathetically. Corey Haim's performance was abysmal as usual, Nicole Eggert was not much better. This has no redeeming qualities, even if you are a numb",negative
"Is nothing else on TV? Are you really bored? Well, then watch Phat Beach. However, don't rent it and definitely DO NOT buy it. That would be a big mistake.  I watched this on TV and found myself laughing at certain points. I did not laugh long and I did not laugh hard. However, there were subtle jokes and comments I laughed at. If you are looking for an extremely funny ""hood"" movie then watch Frid",negative
"If you like original gut wrenching laughter you will like this movie. If you are young or old then you will love this movie, hell even my mom liked it.  Great Camp!!!",positive
"I've always enjoyed films that depict life as it is. Life sometimes has boring patches, no real plot, and not necessarily a happy ending. ""A River Runs Through It"" is the perfect name for this film (and Norman Maclean's novel). Life ebbs and flows like a river, and it has it's rough spots, but it is a wonderful trip.  Robert Redford brings a lot to the film. His narration has a friendly feel that ",positive
"If you keep rigid historical perspective out of it, this film is actually quite entertaining. It's got action, adventure and romance, and one of the premiere casting match-ups of the era with Errol Flynn and Olivia de Havilland in the lead roles. As evident on this board, the picture doesn't pass muster with purists who look for one hundred percent accuracy in their story telling. To get beyond th",positive
"It had all the clichés of movies of this type and no substance. The plot went nowhere and at the end of the movie I felt like a sucker for watching it. The production was good; however, the script and acting were B-movie quality. The casting was poor because there were good actors mixed in with crumby actors. The good actors didn't hold their own nor did they lift up the others.   This movie is no",negative
"My guess would be this was originally going to be at least two parts, and thus at least a quarter longer, because otherwise how can one explain its confused, abbreviated storyline. I was never completely lost, but I was often partially lost and usually unclear on character motivation. The movie feels as though joining plot points were dropped to squeeze it into its time slot.  If it were longer, i",negative
"The complaints are valid, to me the biggest problem is that this soap opera is too aimed for women. I am okay with these night time soaps, like Grey's Anatomy, or Ugly Betty, or West Wing, because there are stories that are interesting even with the given that they will never end. However, when the idea parallels the daytime soaps aimed at just putting hunky men (Taye Diggs, Tim Daly, and Chris Lo",negative
"Well, I like to watch bad horror B-Movies, cause I think it's interesting to see stupidity and unability of creators to shoot seriously good movie. (I always compare this movies to - for example - some Spielberg's works and again-and-again don't understand the huge difference in what I see.) I like Ed Wood's movies cause it's so inept it's very funny. But people!!! ""The Chilling"" is not funny and ",negative
"Normally I don't like series at all. They're all to predictable and they tend to become boring and dull very fast.  These series however, are well played, the story follows through all episodes and even if you miss one, the story will still be catching your mind.  The episodes are all filmed on a hospital and takes you further and further in to the mysteries of dark and old secrets that lies just ",positive
"I think this movie was supposed to be shocking. But the only way in which it is indeed shocking is how shocking badly it's been made ...and simply is. It's one-and-a-half hour of torment. Even more so for the viewer than for the characters in the movie (the five girls).  Sure the main characters get their bloody piece in a bad way, which is basically fine, since it's a horror-movie. And I (usually",negative
"What an absolutely stunning movie, if you have 2.5 hrs to kill, watch it, you won't regret it, it's too much fun! Rajnikanth carries the movie on his shoulders and although there isn't anything more other than him, I still liked it. The music by A.R.Rehman takes time to grow on you but after you heard it a few times, you really start liking it.",positive
"Ever watched a movie that lost the plot? Well, this didn't even really have one to begin with.  Where to begin? The achingly tedious scenes of our heroine sitting around the house with actually no sense of menace or even foreboding created even during the apparently constant thunderstorms (that are strangely never actually heard in the house-great double glazing)? The house that is apparently only",negative
"Encouraged by the positive comments about this film on here I was looking forward to watching this film. Bad mistake. I've seen 950+ films and this is truly one of the worst of them - it's awful in almost every way: editing, pacing, storyline, 'acting,' soundtrack (the film's only song - a lame country tune - is played no less than four times). The film looks cheap and nasty and is boring in the e",negative
"This film took me by surprise. I make it a habit of finding out as little as possible about films before attending because trailers and reviews provide spoiler after spoiler. All I knew upon entering the theater is that it was a documentary about a long married couple and that IMDb readers gave it a 7.8, Rotten Tomatoes users ranked it at 7.9 and the critics averaged an amazing 8.2! If anything, t",positive
"I remember seeing this film in the mid 80's thought it a well paced and well acted piece. I now work quite often in Berkeley Square and the had to get a copy of DVD to remind myself how little the area has changed, although my office is newish it just 30 seconds away from ""the bank"". Even Jack Barclays car dealership is still there selling Bentleys and Rolls Royces.  It's look like the DVD is due ",positive
"Francis Ford Coppola wrote and directed this stunningly personal story of a married woman's flight from her husband--and the reality that perhaps the youthful glee and excitement of her younger years are behind her. We learn little about this woman's marriage except that she has been feeling her independence slipping away as of late; she's also recently learned she's pregnant, which has further co",positive
"A wonderful little production.   The filming technique is very unassuming- very old-time-BBC fashion and gives a comforting, and sometimes discomforting, sense of realism to the entire piece.   The actors are extremely well chosen- Michael Sheen not only ""has got all the polari"" but he has all the voices down pat too! You can truly see the seamless editing guided by the references to Williams' dia",positive
"After sitting through this pile of dung, my husband and I wondered whether it was actually the product of an experiment to see whether a computer program could produce a movie. It was that listless and formulaic. But the U.S. propaganda thrown in your face throughout the film proves--disappointingly--that it's the work of humans. Call me a conspiracy theorist, but quotes like, ""We have to steal th",negative
"I liked Boyle's performance, but that's about the only positive thing I can say. Everything was overdone to the point of absurdity. Most of the actors spoke like you would expect your 9-year-old nephew to speak if he were pretending to be a jaded, stone-hearted cop, or an ultra-evil villain. The raspy voice-overs seemed amateurish to me. I could go buy a cheap synthesizer and crank out better open",negative
"This short film that inspired the soon-to-be full length feature - Spatula Madness - is a hilarious piece that contends against similar cartoons yielding multiple writers. The short film stars Edward the Spatula who after being fired from his job, joins in the fight against the evil spoons. This premise allows for some funny content near the beginning, but is barely present for the remainder of th",positive
"So im not a big fan of Boll's work but then again not many are. I enjoyed his movie Postal (maybe im the only one). Boll apparently bought the rights to use Far Cry long ago even before the game itself was even finsished.   People who have enjoyed killing mercs and infiltrating secret research labs located on a tropical island should be warned, that this is not Far Cry... This is something Mr Boll",negative
"I've just watched Fingersmith, and I'm stunned to see the 8/10 average rating for the show.  Not only was the plot was difficult to follow, but it seems character development was randomly applied.  The actors were adequate, but in the process of attempting to create twists and turns, their characters are rendered entirely one dimensional. Once this happens, the story really falls flat and becomes ",negative
"This movie shows a clip of live animal mutilation of an animal getting hacked by a machete and getting its skin ripped off. I know these horrible things happen in the world, but Im watching movies based on the fact that what Im watching is not actually happening on the screen. These live animal clips are not meant to be in movies, they are meant to show people that belong to certain organizations ",negative
"One of the most significant quotes from the entire film is pronounced halfway through by the protagonist, the mafia middle-man Titta Di Girolamo, a physically non-descript, middle-aged man originally from Salerno in Southern Italy. When we're introduced to him at the start of the film, he's been living a non-life in an elegant but sterile hotel in the Italian-speaking Canton of Switzerland for the",positive
"Deanna Durbin, Nan Grey and Barbara Read are ""Three Smart Girls"" in this Universal film from 1936, which introduces Deanna Durbin to film audiences. It also stars Ray Milland, Mischa Auer, Charles Winninger, John King, Binnie Barnes and Alice Brady. It's a sweet story about three young women, now living in Switzerland with their divorced mother, who hear their father (Winninger) is marrying again.",positive
"Besides being boring, the scenes were oppressive and dark. The movie tried to portray some kind of moral, but fell flat with its message. What were the redeeming qualities?? On top of that, I don't think it could make librarians look any more unglamorous than it did.",negative
this movie gets a 10 because there is a lot of gore in it.who cares about the plot or the acting.this is an Italian horror movie people so you know you can't expect much from the acting or the plot.everybody knows fulci took footage from other movies and added it to this one.since i never seen any of the movies that he took footage from it didn't matter to me.the Italian godfather of gore out done,positive
"This IS the worst movie I have ever seen, as well as, the worst that I will probably EVER see. I see no need to rehash what all the others have said previously, just be forewarned...  This IS NOT one of those bad movies you think you want to watch because you want to be able to make fun of it, its just plain BAD BAD BAD BAD BAD.  This movie is the equivalent to having a ""pet rock"" as your friend. ",negative
"As someone has already mentioned on this board, it's very difficult to make a fake documentary. It requires tremendous skill, pacing, patience, directorial 'distance,' a plausible premise, a narrative 'flow,' and REALLY believable acting (aka GREAT acting).   Such is not the case with 'Love Machine'. It starts to show its faux hand about the 20-minute mark (with 60 minutes left to watch), and the ",negative
The Last Hard Men finds James Coburn an outlaw doing a long sentence breaking free from a chain gang. Do he and his friends head for the Mexican border from jail and safety. No they don't because Coburn has a mission of revenge. To kill the peace officer who brought him in and in the process killed his woman.  That peace officer is Charlton Heston who is now retired and he knows what Coburn is aft,positive
"I just watched The Dresser this evening, having only seen it once before, about a dozen years ago.  It's not a ""big"" movie, and doesn't try to make a big splash, but my God, the brilliance of the two leads leaves me just about speechless. Albert Finney and Tom Courtenay are nothing less than amazing in this movie.  The Dresser is the story of Sir, an aging Shakespearean actor (Finney), and his dre",positive
"This movie was so frustrating. Everything seemed energetic and I was totally prepared to have a good time. I at least thought I'd be able to stand it. But, I was wrong. First, the weird looping? It was like watching ""America's Funniest Home Videos"". The damn parents. I hated them so much. The stereo-typical Latino family? I need to speak with the person responsible for this. We need to have a talk",negative
"Nicholas Walker is Paul, the local town Reverand who's married to Martha (Ally Sheedy), but also is a habitual womanizer and decides to fake his own death to run away with his current affair, Veronica (Dara Tomanovich). However in so doing, he gets a bout of amnesia (hence the name of the film). Sally Kirkland is also on hand as a crazy old coot who pines for the good Reverand in a shades of ""Mise",negative
"I thought that Mukhsin has been wonderfully written. Its not just about entertainment. There's tonnes of subtle messages that i think Yasmin was trying to bring across. And yes, it might be confusing to some of you(especially if you didn't watch Sepet and/or Gubra for 76 times).  I bet u noticed how they use characters from the two movies before right? Its really ironic how the characters relate. ",positive
"I greatly enjoyed Margaret Atwood's novel 'The Robber Bride', and I was thrilled to see there was a movie version. A woman frames a cop boyfriend for her own murder, and his buddy, an ex-cop journalist, tries to clear his name by checking up on the dead woman's crazy female friends. It's fortunate that the movie script fixes Ms. Atwood's clumsy plotting by focusing on the story of these two men, v",negative
"The 33 percent of the nations nitwits that still support W. Bush would do well to see this movie, which shows the aftermath of the French revolution and the terror of 1794 as strikingly similar to the post 9/11 socio-political landscape. Maybe then they could stop worrying about saving face and take the a**-whupping they deserve. It's really a shame that when a politician ruins the country, those ",negative
C'mon guys some previous reviewers have nearly written a novel commenting on this episode. It's just an old 60's TV show ! This episode of Star Trek is notable because of the most serious babe (Yeoman Barrow's) ever used on Star Trek and the fact that it was filmed in a real outdoor location. Unlike the TNG and Voyager series which were totally confined to sound stages.  This use of an outdoor loc,negative
"I am not a golf fan by any means. On May 26 about 10:30 PM the movie started with a scene in the late 1800's. Old movies I like but not golf however, within the first scene a young boy (Harry Vardon) is awaken by the voices of men. He goes outside to inquire what they are doing and is told they are going to build a golf something... So , then I turned the television off but something stirred me an",positive
"Maybe it was the title, or the trailer (certainly not the interview on the DVD, which is with the director as he keeps saying ""hi, kids"" into the camera like a buffoon), but I had expectations for Entrails of a Virgin to be at least a bit of sleazy fun with some good sex scenes and brutal, bloody killings by a weird Japanese penetrator. Turns out it's way too sleazy for its own good, or bad, or wh",negative
"I am so happy and surprised that there is so much interest in this movie! Jack Frost was my introduction into the films produced and distributed by A-pix entertainment, and without exception, everything this company deals with is pure crap! First, and this is very important, never ever watch this movie sober! Why would you? Unlike many other entertaingly bad movies, this one I feel was made intent",negative
"We brought this film as a joke for a friend, and could of been our worst joke to play. The film is barely watchable, and the acting is dire. The worst child actor ever used and Hasslehoff giving a substandard performance. The plot is disgraceful and at points we was so bored we was wondering what the hell was going on. It tries to be gruesome in places but is just laughable.  Just terrible",negative
"So let's begin!)))  The movie itself is as original as Cronenberg's movies would usually appear...  My intention to see it was certainly JJL being one of my favourite actresses. She is as lovely as usual, this cutie!  I would not say it was my favourite movie of hers. Still it's quite interesting and entertaining to follow.   The rest of the cast is not extremely impressive but it is not some kind",positive
"Nice character development in a pretty cool milieu. Being a male, I'm probably not qualified to totally understand it, but they do a nice job of establishing the restrictive Victorian environment from the start. It isn't as bleak as it really was and the treatment of women was probably even harsher. What makes this go is a wonderful chemistry among the principal characters. Each has their own ""thi",positive
"Nifty little episode played mainly for laughs, but with clever dollop of suspense. Somehow a Martian has snuck aboard a broken-down bus on its way to nowhere, but which passenger is it, (talk about your illegal immigrants!). All-star supporting cast, from wild-eyed Jack Elam (hamming it up shamelessly), to sexy Jean Willes (if she's the Martian, then I say let's open the borders!), to cruel-faced ",positive
"Leonard Maltin gave this film a dreaded BOMB rating in his 1995 Movie and Video Guide. What film was he looking at? Kid Vengeance or God's Gun are bombs. This film is a delight. It is fantastic. It is literate. It is well mounted. It is beautiful photographed, making a brilliant use of colors. Right from the opening scene the film grabs your attention and tips you off that this film is a well-done",positive
"My first exposure to the Templarios & not a good one. I was excited to find this title among the offerings from Anchor Bay Video, which has brought us other cult classics such as ""Spider Baby"". The print quality is excellent, but this alone can't hide the fact that the film is deadly dull. There's a thrilling opening sequence in which the villagers exact a terrible revenge on the Templars (& set t",negative
This was probably the worst movie i have ever seen in my life!! It was stupid there was no plot and the special affects were ridiculous!! And i have never seen such bad acting in my life! The only good part about the movie were all the hot guys(especially Drew Fuller). I don't know what these people were thinking when they made this movie!! I didn't even want to finish the whole thing because you ,negative
"An American Werewolf in London had some funny parts, but this one isn't so good. The computer werewolves are just awful: the perspective is all off, it's like seeing them through a distorting mirror. The writers step on the throat of many of their gags. American boy says to Parisian girl, ""Is there a cafe' around here?"" Instead of just leaving it at that, they have to have the girl sigh and respon",negative
"Originally I was a Tenacious D fan of their first album and naturally listened to a few tracks off The P.O.D. and was rather disappointed. After watching the movie, my view was changed. The movie is pretty funny from beginning to the end and found my self engaged in it even though it was really was a stupid storyline because of the attitudes that KG and Jaybles portray in the movie.   Much more en",positive
"It is so gratifying to see one great piece of art converted into another without distortion or contrivance. I had no guess as to how such an extraordinary piece of literature could be recreated as a film worth seeing. If you loved Bulgakov's book you would be, understandably, afraid of seeing some misguided interpretation done more for the sake of an art-film project than for actually bringing the",positive
Bela Lugosi appeared in several of these low budget chillers for Monogram Studios in the 1940's and The Corpse Vanishes is one of the better ones.  Bela plays a mad scientist who kidnaps young brides and kills them and then extracts fluid from their bodies so he can keep his ageing wife looking young. After a reporter and a doctor stay the night at his home and discover he is responsible for the b,positive
"I have now seen quite a few films by Pedro Almodóvar, but this would have to be the most disappointing so far. This film seemed to lack the zaniness that is usually everywhere in his films, and the story just never got me interested. Many Almodóvar regulars appear in this film, so it's not like there was a lack of on-screen talent, but this film just seemed more serious than his other films. If th",negative
"The Golden Door is the story of a Sicilian family's journey from the Old World (Italy) to the New World (America). Salvatore, a middle-aged man who hopes for a more fruitful life, persuades his family to leave their homeland behind in Sicily, take the arduous journey across the raging seas, and inhabit a land whose rivers supposedly flow with milk. In short, they believe that by risking everything",positive
"From the film's first shot - Keira Knightley as Elizabeth Bennet wandering reading through a field at dawn, thus invoking all the clichés cinema has developed to address the phenomenon of the strong-minded rebellious female character in period drama - I knew I was in for something to make me want to kill myself.  Joe Wright seemed not only to have not read the book, but to be under the regrettable",negative
"Anyone who thinks Kool Moe Dee, Carol Alt, and Corey Feldman comprise a list of good actors must be smoking something I'd love to try sometime. Where to begin: lousy soundtrack, hammy acting, ""action"" in places. This is the typical amateurishly written hack fodder that washed-up has-been and never-was's love to star in. I actually felt embarrassed for the ""stars"" in this ""film"". The only thespian ",negative
"You know that mouthwash commercial where the guy has a mouth full of Listerine or whatever it is and he's trying really hard to keep from spitting it up into the sink? That's a great metaphor for this movie. I kept watching, even though it was really difficult. But keeping mouthwash in your mouth will leave you with a minty fresh feeling. This movie left me with a bad taste in my mouth. I should h",negative
"If anyone is wondering why no one makes movies like they used to, with conversation, character and a simple theme of friendship struggling to evolve into something new, better and different, those folks need to take in this film and see top notch writing, directing, and acting that melds into a wonderful evening of observation on how things used to be in Italy and England. Other days, other times ",positive
"Two hours ago I was watching this brilliant movie which overwhelmed me with its imprisoning photography. It is quite understandable how it won the prize of Best Camera in Cannes 2000. Close ups predominated it. Close ups of walls, humans and of many other things. The warm colored lighting (which is also usually by the director) gave the movie a warm atmosphere. Only two persons are principally to ",positive
"Honestly - this short film sucks. the dummy used in the necro scene is pretty well made but still phony enough looking to ruin the viewing experience. the Unearthed DVD is crisp and clear and I haven't made up my mind if this helps or hinders it. If the film was a little grainy it might have added some ""creepiness factor"" to what was going on. I have no idea why this film has so much hype surround",negative
"A new way to enjoy Goldsworthy's work, Rivers and Tides allows fans to see his work in motion. Watching Goldsworthy build his pieces, one develops an appreciation for every stone, leaf, and thorn that he uses. Goldsworthy describes how the flow of life, the rivers, and the tides inspires and affects his work. Although, I was happy the film covered the majority of Goldsworthy's pieces (no snowballs",positive
"MYSTERY MEN has got to be THE stupidest film I've ever seen, but what a film! I thought it was fabulous, excellent and impressive. It was funny, well-done and nice to see ridiculous Super Heroes for a change! And being able to pull it off! This was great! I'll definitely watch it again!",positive
"I absolutely love this film. Everything about it. It almost felt like watching me and my friends on screen. The way this movie was filmed was a pure masterpiece, very original and creative. I related to these characters and even had the same thoughts as some. I'm really glad I ran across this movie. If only there were more genius' like justin out there!",positive
"Stephen Hawkings is a genius. He is the king of geniuses. Watching this movie makes me feel dumb. But it's a great movie. Not highly entertaining, but very very intriguing. The movie centers around wheelchair bound Stephen Hawkings, a man who makes Einstein look average, and his theories and scientific discoveries about the universe, time, the galaxy, and black holes. Everyone at sometime or anoth",positive
"As a disclaimer, I've seen the movie 5-6 times in the last 15 years, and I only just saw the musical this week. This allowed me to judge the movie without being tainted by what was or wasn't in the musical (however, it tainted me when I watched the musical :) )   I actually believe Michael Douglas worked quite well in that role, along with Kasey. I think her 'Let me dance for you scene' is one of ",positive
"I remember this film,it was the first film i had watched at the cinema the picture was dark in places i was very nervous it was back in 74/75 my Dad took me my brother & sister to Newbury cinema in Newbury Berkshire England. I recall the tigers and the lots of snow in the film also the appearance of Grizzly Adams actor Dan Haggery i think one of the tigers gets shot and dies. If anyone knows where",positive
"Phil the Alien is one of those quirky films where the humour is based around the oddness of everything rather than actual punchlines.  At first it was very odd and pretty funny but as the movie progressed I didn't find the jokes or oddness funny anymore.  Its a low budget film (thats never a problem in itself), there were some pretty interesting characters, but eventually I just lost interest.  I ",negative
"What seemed at first just another introverted French flick offering no more than baleful sentiment became for me, on second viewing, a genuinely insightful and quite satisfying presentation.  Spoiler of sorts follows.  Poor Cedric; he apparently didn't know what hit him. Poor audience; we were at first caught up in what seemed a really beautiful and romantic story only to be led back and forth int",positive
"This is one of a rarity of movies, where instead of a bowl of popcorn one should watch it with a bottle of vodka. To be completely honest we are a group of people who actually know the man, Mo Ogrodnik, and decided to drink ourselves stupid to this film.  The cinematic aspect of Wolfgang Something's photography seems to have left out both close-ups and breasts. Mo and Wolfgang's collaborative effo",negative
"I bought this film at Blockbuster for $3.00, because it sounded interesting (a bit Ranma-esque, with the idea of someone dragging around a skeleton), because there was a cute girl in a mini-skirt on the back, and because there was a Restricted Viewing sticker on it. I thought it was going to be a sweet or at least sincere coming of age story with a weird indie edge. I was 100% wrong.  Having watch",negative
"Despite later claims, this early-talkie melodrama has very little in common with ""Citizen Kane"": It's a biopic of a ruthless but human fictional plutocrat, told in flashback but hopping around time. The scriptwriter, Preston Sturges, shows none of his later gift for sparkling dialog, and none of the myriad cinematic innovations of ""Kane"" are evident. Still, it's very watchable, with a young Spence",positive
"""The Danish Bladerunner"" is boldly stated on the box. Are you kidding me?! This film is a complete drag. When I'm thirsty and go for a soda in the kitchen, I usually pause the vcr, so I won't miss anything. Not this time. I actually found myself looking long and hard in the fridge, just so I wouldn't have to go back. Why the hell is there not ONE sciencefiction-scriptwriter out there who has the v",negative
